entry_239948.exe , 0.717437744140625000, 0.578781127929687500, 0.011672973632812500,  ,  33, 20, 10
entry_239948.exe , 0.628723144531250000, 0.516342163085937500, 0.009536743164062500,  ,  26, 26, 0
entry_239948.exe , 0.628387451171875000, 0.514984130859375000, 0.009643554687500000,  ,  26, 26, 0
entry_239948.exe , 0.614364624023437500, 0.501663208007812500, 0.009567260742187500,  ,  26, 24, 2
entry_239948.exe , 0.603546142578125000, 0.495330810546875000, 0.009216308593750000,  ,  26, 26, 0
entry_239948.exe , 0.579467773437500000, 0.471527099609375000, 0.009170532226562500,  ,  26, 23, 3
entry_239948.exe , 0.613723754882812500, 0.500259399414062500, 0.009597778320312500,  ,  27, 19, 7
entry_239948.exe , 0.608016967773437500, 0.496017456054687500, 0.009460449218750000,  ,  26, 20, 6
entry_239948.exe , 0.595291137695312500, 0.486297607421875000, 0.009277343750000000,  ,  26, 25, 0
entry_239948.exe , 0.605346679687500000, 0.491943359375000000, 0.009628295898437500,  ,  27, 26, 0
entry_286425.exe , 0.570175170898437500, 0.428527832031250000, 0.011947631835937500,  ,  34, 34, 0
entry_286425.exe , 0.569595336914062500, 0.448013305664062500, 0.010589599609375000,  ,  29, 29, 0
entry_286425.exe , 0.581069946289062500, 0.455444335937500000, 0.010559082031250000,  ,  30, 23, 7
entry_286425.exe , 0.582046508789062500, 0.451919555664062500, 0.010925292968750000,  ,  30, 30, 0
entry_286425.exe , 0.612091064453125000, 0.474182128906250000, 0.011245727539062500,  ,  32, 20, 11
entry_286425.exe , 0.551391601562500000, 0.417602539062500000, 0.011276245117187500,  ,  32, 29, 3
entry_286425.exe , 0.558639526367187500, 0.425201416015625000, 0.011260986328125000,  ,  31, 28, 3
entry_286425.exe , 0.564575195312500000, 0.430587768554687500, 0.011291503906250000,  ,  31, 28, 3
entry_286425.exe , 0.565811157226562500, 0.432540893554687500, 0.011245727539062500,  ,  31, 28, 3
entry_286425.exe , 0.557739257812500000, 0.432205200195312500, 0.010559082031250000,  ,  31, 26, 4
entry_2993426.exe , 0.518386840820312500, 0.396286010742187500, 0.010223388671875000,  ,  28, 24, 3
entry_2993426.exe , 0.539245605468750000, 0.421386718750000000, 0.009872436523437500,  ,  28, 23, 4
entry_2993426.exe , 0.558822631835937500, 0.448043823242187500, 0.009307861328125000,  ,  27, 24, 3
entry_2993426.exe , 0.542861938476562500, 0.424682617187500000, 0.009902954101562500,  ,  28, 21, 7
entry_2993426.exe , 0.524703979492187500, 0.411209106445312500, 0.009536743164062500,  ,  28, 24, 4
entry_2993426.exe , 0.544326782226562500, 0.426025390625000000, 0.009933471679687500,  ,  28, 20, 7
entry_2993426.exe , 0.526382446289062500, 0.412338256835937500, 0.009552001953125000,  ,  28, 20, 7
entry_2993426.exe , 0.543090820312500000, 0.424819946289062500, 0.009887695312500000,  ,  28, 19, 9
entry_2993426.exe , 0.533599853515625000, 0.419189453125000000, 0.009567260742187500,  ,  28, 21, 7
entry_2993426.exe , 0.574966430664062500, 0.460113525390625000, 0.009613037109375000,  ,  27, 23, 4
entry_3576015.exe , 0.474700927734375000, 0.363632202148437500, 0.009216308593750000,  ,  26, 17, 6
entry_3576015.exe , 0.455154418945312500, 0.356552124023437500, 0.008163452148437500,  ,  22, 10, 11
entry_3576015.exe , 0.457901000976562500, 0.358917236328125000, 0.008163452148437500,  ,  23, 10, 11
entry_3576015.exe , 0.479003906250000000, 0.375427246093750000, 0.008575439453125000,  ,  23, 15, 8
entry_3576015.exe , 0.485076904296875000, 0.386657714843750000, 0.008148193359375000,  ,  21, 14, 7
entry_3576015.exe , 0.448059082031250000, 0.349227905273437500, 0.008209228515625000,  ,  23, 20, 2
entry_3576015.exe , 0.473037719726562500, 0.369918823242187500, 0.008590698242187500,  ,  23, 12, 11
entry_3576015.exe , 0.452667236328125000, 0.353668212890625000, 0.008178710937500000,  ,  23, 14, 8
entry_3576015.exe , 0.485763549804687500, 0.385879516601562500, 0.008255004882812500,  ,  22, 12, 10
entry_3576015.exe , 0.461227416992187500, 0.366546630859375000, 0.007827758789062500,  ,  22, 5, 17
entry_3577829.exe , 0.492370605468750000, 0.388732910156250000, 0.008499145507812500,  ,  22, 3, 19
entry_3577829.exe , 0.476928710937500000, 0.381515502929687500, 0.007858276367187500,  ,  20, 12, 8
entry_3577829.exe , 0.465438842773437500, 0.374465942382812500, 0.007507324218750000,  ,  20, 13, 8
entry_3577829.exe , 0.468170166015625000, 0.368896484375000000, 0.008163452148437500,  ,  22, 19, 2
entry_3577829.exe , 0.498886108398437500, 0.398681640625000000, 0.008224487304687500,  ,  20, 15, 5
entry_3577829.exe , 0.480590820312500000, 0.381393432617187500, 0.008209228515625000,  ,  21, 19, 2
entry_3577829.exe , 0.474334716796875000, 0.379638671875000000, 0.007797241210937500,  ,  20, 18, 2
entry_3577829.exe , 0.462860107421875000, 0.371673583984375000, 0.007492065429687500,  ,  21, 14, 6
entry_3577829.exe , 0.476058959960937500, 0.381164550781250000, 0.007843017578125000,  ,  20, 10, 10
entry_3577829.exe , 0.482452392578125000, 0.387435913085937500, 0.007812500000000000,  ,  20, 17, 3
entry_4272561.exe , 0.550964355468750000, 0.454635620117187500, 0.007873535156250000,  ,  21, 20, 0
entry_4272561.exe , 0.488098144531250000, 0.392700195312500000, 0.007812500000000000,  ,  20, 15, 5
entry_4272561.exe , 0.497787475585937500, 0.377578735351562500, 0.008224487304687500,  ,  22, 19, 3
entry_4272561.exe , 0.502838134765625000, 0.398162841796875000, 0.008590698242187500,  ,  22, 5, 17
entry_4272561.exe , 0.480880737304687500, 0.377944946289062500, 0.008499145507812500,  ,  22, 12, 10
entry_4272561.exe , 0.493957519531250000, 0.398345947265625000, 0.007843017578125000,  ,  20, 20, 0
entry_4272561.exe , 0.495391845703125000, 0.395812988281250000, 0.008209228515625000,  ,  21, 14, 7
entry_4272561.exe , 0.482162475585937500, 0.389953613281250000, 0.007537841796875000,  ,  19, 12, 7
entry_4272561.exe , 0.456436157226562500, 0.357437133789062500, 0.008132934570312500,  ,  22, 14, 8
entry_4272561.exe , 0.457214355468750000, 0.353530883789062500, 0.008575439453125000,  ,  23, 23, 0
entry_4910057.exe , 0.627380371093750000, 0.498596191406250000, 0.010650634765625000,  ,  31, 26, 4
entry_4910057.exe , 0.580841064453125000, 0.453872680664062500, 0.010528564453125000,  ,  31, 22, 8
entry_4910057.exe , 0.571609497070312500, 0.447906494140625000, 0.010253906250000000,  ,  29, 21, 7
entry_4910057.exe , 0.602249145507812500, 0.470352172851562500, 0.010955810546875000,  ,  31, 14, 15
entry_4910057.exe , 0.560775756835937500, 0.433578491210937500, 0.010559082031250000,  ,  31, 15, 15
entry_4910057.exe , 0.589309692382812500, 0.458129882812500000, 0.010971069335937500,  ,  31, 15, 16
entry_4910057.exe , 0.570739746093750000, 0.435455322265625000, 0.011260986328125000,  ,  32, 26, 7
entry_4910057.exe , 0.571304321289062500, 0.444564819335937500, 0.010559082031250000,  ,  31, 28, 0
entry_4910057.exe , 0.589202880859375000, 0.461563110351562500, 0.010604858398437500,  ,  30, 21, 7
entry_4910057.exe , 0.583496093750000000, 0.451995849609375000, 0.010971069335937500,  ,  31, 17, 14
entry_5513611.exe , 0.528945922851562500, 0.420013427734375000, 0.008850097656250000,  ,  23, 9, 14
entry_5513611.exe , 0.501251220703125000, 0.400482177734375000, 0.008239746093750000,  ,  21, 13, 8
entry_5513611.exe , 0.522949218750000000, 0.422195434570312500, 0.008239746093750000,  ,  21, 8, 14
entry_5513611.exe , 0.510330200195312500, 0.406570434570312500, 0.008529663085937500,  ,  23, 17, 6
entry_5513611.exe , 0.482376098632812500, 0.382232666015625000, 0.008178710937500000,  ,  23, 13, 9
entry_5513611.exe , 0.499679565429687500, 0.395141601562500000, 0.008544921875000000,  ,  23, 12, 11
entry_5513611.exe , 0.497238159179687500, 0.396575927734375000, 0.008239746093750000,  ,  22, 6, 16
entry_5513611.exe , 0.534729003906250000, 0.430358886718750000, 0.008529663085937500,  ,  22, 6, 17
entry_5513611.exe , 0.482406616210937500, 0.382400512695312500, 0.008209228515625000,  ,  22, 11, 11
entry_5513611.exe , 0.503463745117187500, 0.398559570312500000, 0.008575439453125000,  ,  23, 16, 8
entry_5724577.exe , 0.736175537109375000, 0.584564208984375000, 0.012603759765625000,  ,  35, 28, 7
entry_5724577.exe , 0.719573974609375000, 0.555023193359375000, 0.012283325195312500,  ,  35, 25, 8
entry_5724577.exe , 0.718780517578125000, 0.571624755859375000, 0.012268066406250000,  ,  34, 25, 7
entry_5724577.exe , 0.723800659179687500, 0.580963134765625000, 0.012283325195312500,  ,  34, 25, 8
entry_5724577.exe , 0.673019409179687500, 0.525970458984375000, 0.012298583984375000,  ,  35, 21, 13
entry_5724577.exe , 0.700897216796875000, 0.569519042968750000, 0.013015747070312500,  ,  36, 36, 0
entry_5724577.exe , 0.695678710937500000, 0.548904418945312500, 0.012313842773437500,  ,  33, 24, 10
entry_5724577.exe , 0.679122924804687500, 0.520431518554687500, 0.013366699218750000,  ,  37, 27, 9
entry_5724577.exe , 0.692260742187500000, 0.538024902343750000, 0.012908935546875000,  ,  36, 27, 8
entry_5724577.exe , 0.703231811523437500, 0.556793212890625000, 0.012283325195312500,  ,  33, 30, 4
entry_679751.exe , 0.544570922851562500, 0.432067871093750000, 0.009292602539062500,  ,  26, 23, 3
entry_679751.exe , 0.508834838867187500, 0.389968872070312500, 0.010192871093750000,  ,  27, 22, 3
entry_679751.exe , 0.529098510742187500, 0.418380737304687500, 0.009201049804687500,  ,  25, 12, 12
entry_679751.exe , 0.512237548828125000, 0.396759033203125000, 0.009628295898437500,  ,  25, 22, 4
entry_679751.exe , 0.501632690429687500, 0.387313842773437500, 0.009521484375000000,  ,  25, 19, 6
entry_679751.exe , 0.510025024414062500, 0.395370483398437500, 0.009582519531250000,  ,  25, 22, 3
entry_679751.exe , 0.510833740234375000, 0.395492553710937500, 0.009582519531250000,  ,  25, 22, 3
entry_679751.exe , 0.508529663085937500, 0.393768310546875000, 0.009552001953125000,  ,  25, 16, 10
entry_679751.exe , 0.500457763671875000, 0.389831542968750000, 0.009201049804687500,  ,  25, 22, 3
entry_679751.exe , 0.546615600585937500, 0.436264038085937500, 0.009170532226562500,  ,  25, 19, 6
entry_1346798.exe , 7.037261962890625000, 5.636993408203125000, 0.119110107421875000,  ,  347, 339, 8
entry_1346798.exe , 6.927536010742187500, 5.529479980468750000, 0.119079589843750000,  ,  349, 326, 20
entry_1346798.exe , 6.793563842773437500, 5.335266113281250000, 0.124130249023437500,  ,  364, 337, 24
entry_1346798.exe , 6.714630126953125000, 5.255584716796875000, 0.124557495117187500,  ,  364, 339, 24
entry_1346798.exe , 6.857818603515625000, 5.427261352539062500, 0.122100830078125000,  ,  356, 330, 24
entry_1346798.exe , 6.838455200195312500, 5.402130126953125000, 0.122085571289062500,  ,  357, 340, 16
entry_1346798.exe , 6.804382324218750000, 5.336349487304687500, 0.124908447265625000,  ,  363, 351, 12
entry_1346798.exe , 6.809371948242187500, 5.337829589843750000, 0.125640869140625000,  ,  367, 353, 12
entry_1346798.exe , 6.813735961914062500, 5.386627197265625000, 0.121810913085937500,  ,  356, 344, 12
entry_1346798.exe , 7.067779541015625000, 5.716751098632812500, 0.115692138671875000,  ,  337, 336, 0
entry_2595975.exe , 1.999801635742187500, 1.600311279296875000, 0.033828735351562500,  ,  97, 93, 4
entry_2595975.exe , 1.869277954101562500, 1.419433593750000000, 0.038253784179687500,  ,  109, 101, 8
entry_2595975.exe , 1.826202392578125000, 1.352249145507812500, 0.040313720703125000,  ,  117, 108, 8
entry_2595975.exe , 1.840469360351562500, 1.374984741210937500, 0.039611816406250000,  ,  113, 113, 0
entry_2595975.exe , 1.822570800781250000, 1.361724853515625000, 0.039260864257812500,  ,  114, 112, 0
entry_2595975.exe , 1.835235595703125000, 1.395843505859375000, 0.037490844726562500,  ,  107, 99, 8
entry_2595975.exe , 1.851486206054687500, 1.383331298828125000, 0.039947509765625000,  ,  116, 101, 15
entry_2595975.exe , 1.868133544921875000, 1.459716796875000000, 0.034912109375000000,  ,  101, 97, 4
entry_2595975.exe , 1.831802368164062500, 1.360626220703125000, 0.040664672851562500,  ,  116, 106, 9
entry_2595975.exe , 1.826126098632812500, 1.342224121093750000, 0.041290283203125000,  ,  118, 103, 16
entry_3144096.exe , 14.249847412109375000, 11.474807739257812500, 0.234573364257812500,  ,  689, 416, 273
entry_3144096.exe , 14.412460327148437500, 11.681854248046875000, 0.230285644531250000,  ,  674, 414, 259
entry_3144096.exe , 14.255599975585937500, 11.494583129882812500, 0.234283447265625000,  ,  686, 411, 276
entry_3144096.exe , 14.275009155273437500, 11.483520507812500000, 0.235519409179687500,  ,  689, 396, 293
entry_3144096.exe , 14.456771850585937500, 11.641235351562500000, 0.234664916992187500,  ,  686, 392, 295
entry_3144096.exe , 14.172012329101562500, 11.387435913085937500, 0.234664916992187500,  ,  687, 406, 282
entry_3144096.exe , 14.141281127929687500, 11.315048217773437500, 0.238159179687500000,  ,  698, 421, 275
entry_3144096.exe , 14.314331054687500000, 11.517379760742187500, 0.235366821289062500,  ,  689, 419, 270
entry_3144096.exe , 14.218643188476562500, 11.396957397460937500, 0.238342285156250000,  ,  697, 423, 273
entry_3144096.exe , 14.268737792968750000, 11.467712402343750000, 0.236785888671875000,  ,  695, 430, 263
entry_4091019.exe , 2.051040649414062500, 1.655731201171875000, 0.033477783203125000,  ,  97, 92, 4
entry_4091019.exe , 2.006057739257812500, 1.624160766601562500, 0.032424926757812500,  ,  93, 84, 8
entry_4091019.exe , 1.963790893554687500, 1.553619384765625000, 0.034759521484375000,  ,  101, 93, 8
entry_4091019.exe , 1.937911987304687500, 1.484298706054687500, 0.038574218750000000,  ,  111, 103, 8
entry_4091019.exe , 1.977508544921875000, 1.555175781250000000, 0.035842895507812500,  ,  103, 84, 19
entry_4091019.exe , 1.829437255859375000, 1.342987060546875000, 0.041320800781250000,  ,  120, 111, 8
entry_4091019.exe , 1.886352539062500000, 1.448654174804687500, 0.037231445312500000,  ,  106, 102, 4
entry_4091019.exe , 1.833404541015625000, 1.343826293945312500, 0.041610717773437500,  ,  120, 109, 11
entry_4091019.exe , 1.843353271484375000, 1.389343261718750000, 0.038558959960937500,  ,  111, 92, 20
entry_4091019.exe , 1.837402343750000000, 1.362747192382812500, 0.040359497070312500,  ,  116, 100, 16
entry_4259947.exe , 6.839675903320312500, 5.437789916992187500, 0.119064331054687500,  ,  347, 339, 8
entry_4259947.exe , 6.843322753906250000, 5.475143432617187500, 0.116821289062500000,  ,  341, 335, 4
entry_4259947.exe , 6.675613403320312500, 5.275939941406250000, 0.119354248046875000,  ,  348, 333, 16
entry_4259947.exe , 6.709747314453125000, 5.287643432617187500, 0.119750976562500000,  ,  350, 338, 12
entry_4259947.exe , 6.816696166992187500, 5.392349243164062500, 0.121505737304687500,  ,  354, 346, 8
entry_4259947.exe , 7.004913330078125000, 5.613555908203125000, 0.118087768554687500,  ,  345, 335, 8
entry_4259947.exe , 6.722320556640625000, 5.314590454101562500, 0.119476318359375000,  ,  349, 337, 12
entry_4259947.exe , 6.722869873046875000, 5.260345458984375000, 0.123947143554687500,  ,  361, 342, 20
entry_4259947.exe , 6.763153076171875000, 5.375503540039062500, 0.118103027343750000,  ,  344, 328, 15
entry_4259947.exe , 6.847961425781250000, 5.457748413085937500, 0.118194580078125000,  ,  345, 329, 16
entry_5023680.exe , 2.141082763671875000, 1.704803466796875000, 0.036865234375000000,  ,  105, 88, 19
entry_5023680.exe , 2.039566040039062500, 1.527801513671875000, 0.043304443359375000,  ,  124, 92, 32
entry_5023680.exe , 2.067367553710937500, 1.558303833007812500, 0.044357299804687500,  ,  128, 119, 8
entry_5023680.exe , 1.993804931640625000, 1.537155151367187500, 0.038635253906250000,  ,  111, 100, 11
entry_5023680.exe , 1.964752197265625000, 1.452758789062500000, 0.043395996093750000,  ,  124, 104, 22
entry_5023680.exe , 1.972213745117187500, 1.476470947265625000, 0.041931152343750000,  ,  121, 116, 4
entry_5023680.exe , 2.036773681640625000, 1.561553955078125000, 0.039855957031250000,  ,  115, 102, 12
entry_5023680.exe , 1.982635498046875000, 1.486587524414062500, 0.042007446289062500,  ,  122, 97, 26
entry_5023680.exe , 1.991989135742187500, 1.521484375000000000, 0.039886474609375000,  ,  115, 100, 17
entry_5023680.exe , 2.004455566406250000, 1.525131225585937500, 0.040313720703125000,  ,  116, 89, 26
entry_5118662.exe , 2.045959472656250000, 1.631164550781250000, 0.034896850585937500,  ,  100, 86, 13
entry_5118662.exe , 1.895019531250000000, 1.414535522460937500, 0.040618896484375000,  ,  118, 99, 19
entry_5118662.exe , 1.868957519531250000, 1.376983642578125000, 0.041580200195312500,  ,  120, 113, 7
entry_5118662.exe , 1.860931396484375000, 1.364654541015625000, 0.041992187500000000,  ,  121, 112, 8
entry_5118662.exe , 1.903930664062500000, 1.447082519531250000, 0.038543701171875000,  ,  110, 106, 5
entry_5118662.exe , 1.899444580078125000, 1.435943603515625000, 0.038970947265625000,  ,  112, 100, 12
entry_5118662.exe , 1.886383056640625000, 1.431228637695312500, 0.038619995117187500,  ,  112, 98, 12
entry_5118662.exe , 1.893081665039062500, 1.462982177734375000, 0.036544799804687500,  ,  106, 88, 16
entry_5118662.exe , 1.869476318359375000, 1.371536254882812500, 0.042587280273437500,  ,  122, 110, 12
entry_5118662.exe , 1.843887329101562500, 1.334075927734375000, 0.043380737304687500,  ,  124, 110, 15
entry_5784842.exe , 2.390899658203125000, 1.919311523437500000, 0.038146972656250000,  ,  110, 102, 8
entry_5784842.exe , 2.310272216796875000, 1.779373168945312500, 0.043304443359375000,  ,  124, 121, 4
entry_5784842.exe , 2.174468994140625000, 1.614715576171875000, 0.047439575195312500,  ,  136, 123, 12
entry_5784842.exe , 2.195343017578125000, 1.618972778320312500, 0.047393798828125000,  ,  137, 120, 16
entry_5784842.exe , 2.160659790039062500, 1.616607666015625000, 0.046188354492187500,  ,  132, 116, 16
entry_5784842.exe , 2.163314819335937500, 1.618957519531250000, 0.046066284179687500,  ,  132, 120, 12
entry_5784842.exe , 2.162765502929687500, 1.621826171875000000, 0.045822143554687500,  ,  133, 121, 12
entry_5784842.exe , 2.168426513671875000, 1.620742797851562500, 0.046340942382812500,  ,  134, 123, 10
entry_5784842.exe , 2.210281372070312500, 1.731750488281250000, 0.040710449218750000,  ,  117, 104, 13
entry_5784842.exe , 2.170059204101562500, 1.612854003906250000, 0.047363281250000000,  ,  137, 121, 16
entry_5981411.exe , 2.103118896484375000, 1.682128906250000000, 0.035186767578125000,  ,  101, 97, 4
entry_5981411.exe , 1.893554687500000000, 1.432861328125000000, 0.038879394531250000,  ,  113, 103, 8
entry_5981411.exe , 1.865905761718750000, 1.385330200195312500, 0.040603637695312500,  ,  118, 102, 15
entry_5981411.exe , 1.876342773437500000, 1.403579711914062500, 0.039932250976562500,  ,  114, 107, 7
entry_5981411.exe , 1.865142822265625000, 1.414184570312500000, 0.038253784179687500,  ,  110, 98, 12
entry_5981411.exe , 1.944000244140625000, 1.495910644531250000, 0.037902832031250000,  ,  108, 93, 15
entry_5981411.exe , 1.875167846679687500, 1.423919677734375000, 0.038238525390625000,  ,  109, 101, 8
entry_5981411.exe , 1.885910034179687500, 1.406204223632812500, 0.040618896484375000,  ,  116, 104, 13
entry_5981411.exe , 1.867904663085937500, 1.392791748046875000, 0.040252685546875000,  ,  114, 96, 18
entry_5981411.exe , 1.874420166015625000, 1.399505615234375000, 0.040359497070312500,  ,  116, 103, 12
entry_811745.exe , 6.920349121093750000, 5.541564941406250000, 0.117111206054687500,  ,  343, 327, 16
entry_811745.exe , 6.926376342773437500, 5.582366943359375000, 0.114959716796875000,  ,  334, 319, 16
entry_811745.exe , 6.722030639648437500, 5.322799682617187500, 0.118957519531250000,  ,  346, 334, 12
entry_811745.exe , 6.729568481445312500, 5.301300048828125000, 0.121597290039062500,  ,  352, 348, 4
entry_811745.exe , 6.783950805664062500, 5.413116455078125000, 0.117080688476562500,  ,  341, 337, 4
entry_811745.exe , 6.677536010742187500, 5.222381591796875000, 0.123748779296875000,  ,  360, 344, 16
entry_811745.exe , 6.720565795898437500, 5.296173095703125000, 0.121124267578125000,  ,  353, 334, 20
entry_811745.exe , 6.713150024414062500, 5.278884887695312500, 0.122192382812500000,  ,  357, 344, 12
entry_811745.exe , 6.699432373046875000, 5.275711059570312500, 0.120697021484375000,  ,  352, 332, 20
entry_811745.exe , 6.598663330078125000, 5.156341552734375000, 0.122543334960937500,  ,  357, 350, 8
entry_1114874.exe , 22.496551513671875000, 18.166381835937500000, 0.371582031250000000,  ,  1089, 583, 506
entry_1114874.exe , 22.905807495117187500, 18.474334716796875000, 0.376510620117187500,  ,  1105, 653, 452
entry_1114874.exe , 22.340423583984375000, 17.927108764648437500, 0.375305175781250000,  ,  1102, 665, 437
entry_1114874.exe , 23.103439331054687500, 18.627975463867187500, 0.379959106445312500,  ,  1115, 647, 466
entry_1114874.exe , 22.932479858398437500, 18.461608886718750000, 0.379959106445312500,  ,  1113, 664, 449
entry_1114874.exe , 22.854354858398437500, 18.401184082031250000, 0.377929687500000000,  ,  1110, 629, 481
entry_1114874.exe , 22.764709472656250000, 18.369888305664062500, 0.375549316406250000,  ,  1100, 621, 479
entry_1114874.exe , 22.337478637695312500, 18.000411987304687500, 0.370513916015625000,  ,  1086, 662, 423
entry_1114874.exe , 22.903289794921875000, 18.473175048828125000, 0.374511718750000000,  ,  1099, 594, 505
entry_1114874.exe , 22.444869995117187500, 18.019485473632812500, 0.377441406250000000,  ,  1108, 654, 453
entry_215794.exe , 51.987838745117187500, 42.130233764648437500, 0.842285156250000000,  ,  2473, 1373, 1100
entry_215794.exe , 51.569854736328125000, 41.706817626953125000, 0.842788696289062500,  ,  2475, 1384, 1091
entry_215794.exe , 51.719711303710937500, 41.783706665039062500, 0.843627929687500000,  ,  2478, 1406, 1072
entry_215794.exe , 53.326004028320312500, 43.179855346679687500, 0.866409301757812500,  ,  2543, 1487, 1055
entry_215794.exe , 51.834793090820312500, 41.809631347656250000, 0.850082397460937500,  ,  2497, 1349, 1148
entry_215794.exe , 52.039703369140625000, 42.027526855468750000, 0.851089477539062500,  ,  2499, 1377, 1123
entry_215794.exe , 52.177246093750000000, 42.205245971679687500, 0.849014282226562500,  ,  2494, 1360, 1133
entry_215794.exe , 53.226669311523437500, 43.028427124023437500, 0.868072509765625000,  ,  2551, 1380, 1170
entry_215794.exe , 52.868133544921875000, 42.784530639648437500, 0.860382080078125000,  ,  2528, 1384, 1143
entry_215794.exe , 53.984375000000000000, 43.729202270507812500, 0.869338989257812500,  ,  2554, 1377, 1176
entry_2353858.exe , 21.291931152343750000, 16.947006225585937500, 0.367599487304687500,  ,  1078, 1053, 25
entry_2353858.exe , 20.156356811523437500, 16.016754150390625000, 0.350906372070312500,  ,  1029, 1009, 20
entry_2353858.exe , 19.451461791992187500, 15.340744018554687500, 0.346725463867187500,  ,  1016, 985, 32
entry_2353858.exe , 19.567489624023437500, 15.510101318359375000, 0.343139648437500000,  ,  1005, 991, 12
entry_2353858.exe , 19.657928466796875000, 15.580245971679687500, 0.345169067382812500,  ,  1012, 994, 16
entry_2353858.exe , 19.383285522460937500, 15.381011962890625000, 0.339492797851562500,  ,  994, 934, 60
entry_2353858.exe , 19.113327026367187500, 15.143035888671875000, 0.336669921875000000,  ,  986, 957, 28
entry_2353858.exe , 19.112869262695312500, 15.146881103515625000, 0.336303710937500000,  ,  986, 942, 40
entry_2353858.exe , 18.847549438476562500, 14.920150756835937500, 0.332565307617187500,  ,  974, 925, 49
entry_2353858.exe , 19.015533447265625000, 15.059265136718750000, 0.332229614257812500,  ,  974, 929, 44
entry_3638005.exe , 63.087158203125000000, 51.002655029296875000, 1.024597167968750000,  ,  3010, 2982, 28
entry_3638005.exe , 62.948898315429687500, 50.892486572265625000, 1.027832031250000000,  ,  3019, 2979, 40
entry_3638005.exe , 62.848403930664062500, 50.801025390625000000, 1.028060913085937500,  ,  3019, 2982, 36
entry_3638005.exe , 62.895965576171875000, 50.821090698242187500, 1.027069091796875000,  ,  3019, 2999, 20
entry_3638005.exe , 62.960525512695312500, 50.834793090820312500, 1.028747558593750000,  ,  3021, 2988, 32
entry_3638005.exe , 63.260208129882812500, 51.290344238281250000, 1.020095825195312500,  ,  2996, 2964, 32
entry_3638005.exe , 62.845657348632812500, 50.816528320312500000, 1.025405883789062500,  ,  3014, 2982, 32
entry_3638005.exe , 62.938995361328125000, 50.808456420898437500, 1.028137207031250000,  ,  3018, 2987, 32
entry_3638005.exe , 62.708587646484375000, 50.688201904296875000, 1.023193359375000000,  ,  3007, 2959, 48
entry_3638005.exe , 62.927581787109375000, 50.862777709960937500, 1.028442382812500000,  ,  3019, 2974, 44
entry_3841535.exe , 53.945739746093750000, 43.643249511718750000, 0.872879028320312500,  ,  2563, 1390, 1172
entry_3841535.exe , 52.480468750000000000, 42.451950073242187500, 0.854492187500000000,  ,  2510, 1255, 1254
entry_3841535.exe , 52.868713378906250000, 42.784042358398437500, 0.857772827148437500,  ,  2519, 1394, 1124
entry_3841535.exe , 53.031799316406250000, 42.931488037109375000, 0.858947753906250000,  ,  2522, 1356, 1167
entry_3841535.exe , 53.010116577148437500, 42.878738403320312500, 0.862075805664062500,  ,  2532, 1419, 1112
entry_3841535.exe , 53.505783081054687500, 43.309448242187500000, 0.866989135742187500,  ,  2543, 1386, 1159
entry_3841535.exe , 52.433868408203125000, 42.509765625000000000, 0.842437744140625000,  ,  2472, 1397, 1076
entry_3841535.exe , 53.191207885742187500, 42.983886718750000000, 0.866867065429687500,  ,  2546, 1396, 1149
entry_3841535.exe , 53.791259765625000000, 43.538345336914062500, 0.872283935546875000,  ,  2562, 1419, 1143
entry_3841535.exe , 52.813079833984375000, 42.708435058593750000, 0.859527587890625000,  ,  2524, 1323, 1201
entry_3844007.exe , 61.491699218750000000, 49.765991210937500000, 0.993301391601562500,  ,  2919, 2891, 28
entry_3844007.exe , 61.364227294921875000, 49.623489379882812500, 0.994995117187500000,  ,  2921, 2888, 33
entry_3844007.exe , 61.026184082031250000, 49.286972045898437500, 0.994766235351562500,  ,  2922, 2902, 20
entry_3844007.exe , 61.022903442382812500, 49.278366088867187500, 0.993789672851562500,  ,  2918, 2902, 16
entry_3844007.exe , 60.994094848632812500, 49.257629394531250000, 0.996383666992187500,  ,  2928, 2894, 32
entry_3844007.exe , 61.087203979492187500, 49.315704345703125000, 0.995819091796875000,  ,  2923, 2907, 17
entry_3844007.exe , 61.040069580078125000, 49.278610229492187500, 0.994689941406250000,  ,  2920, 2900, 20
entry_3844007.exe , 60.997909545898437500, 49.242141723632812500, 0.993804931640625000,  ,  2920, 2899, 20
entry_3844007.exe , 61.328659057617187500, 49.567352294921875000, 0.995010375976562500,  ,  2923, 2887, 36
entry_3844007.exe , 61.305633544921875000, 49.610961914062500000, 0.991622924804687500,  ,  2911, 2895, 16
entry_4464596.exe , 81.918395996093750000, 66.902679443359375000, 1.273376464843750000,  ,  3740, 1041, 2688
entry_4464596.exe , 81.655914306640625000, 66.631591796875000000, 1.273376464843750000,  ,  3741, 1045, 2680
entry_4464596.exe , 81.537200927734375000, 66.423950195312500000, 1.273696899414062500,  ,  3743, 1019, 2709
entry_4464596.exe , 82.045440673828125000, 66.890640258789062500, 1.279754638671875000,  ,  3760, 1115, 2632
entry_4464596.exe , 81.711547851562500000, 66.666137695312500000, 1.273864746093750000,  ,  3742, 991, 2734
entry_4464596.exe , 81.596633911132812500, 66.447830200195312500, 1.279785156250000000,  ,  3762, 1096, 2647
entry_4464596.exe , 82.134628295898437500, 66.991653442382812500, 1.276519775390625000,  ,  3749, 1073, 2663
entry_4464596.exe , 82.833129882812500000, 67.633331298828125000, 1.285659790039062500,  ,  3776, 1039, 2725
entry_4464596.exe , 82.611602783203125000, 67.487991333007812500, 1.275253295898437500,  ,  3746, 993, 2738
entry_4464596.exe , 82.711288452148437500, 67.543731689453125000, 1.280975341796875000,  ,  3764, 1028, 2718
entry_5133407.exe , 14.694290161132812500, 11.753463745117187500, 0.248443603515625000,  ,  728, 451, 277
entry_5133407.exe , 14.584442138671875000, 11.662338256835937500, 0.246719360351562500,  ,  722, 435, 288
entry_5133407.exe , 14.396453857421875000, 11.495132446289062500, 0.245269775390625000,  ,  717, 356, 360
entry_5133407.exe , 14.538772583007812500, 11.571380615234375000, 0.251037597656250000,  ,  733, 405, 331
entry_5133407.exe , 14.650726318359375000, 11.715606689453125000, 0.248184204101562500,  ,  726, 435, 291
entry_5133407.exe , 14.536834716796875000, 11.623184204101562500, 0.246154785156250000,  ,  721, 406, 314
entry_5133407.exe , 14.694763183593750000, 11.760192871093750000, 0.249847412109375000,  ,  731, 387, 344
entry_5133407.exe , 14.779098510742187500, 11.824707031250000000, 0.249496459960937500,  ,  730, 431, 298
entry_5133407.exe , 14.564514160156250000, 11.715316772460937500, 0.240814208984375000,  ,  705, 429, 277
entry_5133407.exe , 14.517852783203125000, 11.623458862304687500, 0.244644165039062500,  ,  716, 407, 309
entry_5551567.exe , 28.362594604492187500, 22.897689819335937500, 0.460617065429687500,  ,  1350, 751, 599
entry_5551567.exe , 28.514724731445312500, 22.984375000000000000, 0.467071533203125000,  ,  1369, 749, 622
entry_5551567.exe , 28.439270019531250000, 22.957489013671875000, 0.465728759765625000,  ,  1364, 749, 616
entry_5551567.exe , 27.955017089843750000, 22.468826293945312500, 0.461975097656250000,  ,  1356, 801, 557
entry_5551567.exe , 28.454086303710937500, 22.951354980468750000, 0.463012695312500000,  ,  1357, 741, 618
entry_5551567.exe , 27.852310180664062500, 22.408599853515625000, 0.460067749023437500,  ,  1349, 709, 640
entry_5551567.exe , 28.207870483398437500, 22.701187133789062500, 0.464889526367187500,  ,  1365, 733, 632
entry_5551567.exe , 27.758804321289062500, 22.321960449218750000, 0.459518432617187500,  ,  1349, 794, 555
entry_5551567.exe , 27.836990356445312500, 22.454650878906250000, 0.453659057617187500,  ,  1329, 763, 568
entry_5551567.exe , 27.937759399414062500, 22.537277221679687500, 0.455871582031250000,  ,  1337, 735, 603
entry_650248.exe , 27.135086059570312500, 21.811477661132812500, 0.445892333984375000,  ,  1308, 1301, 4
entry_650248.exe , 28.257019042968750000, 22.958724975585937500, 0.442718505859375000,  ,  1297, 1274, 24
entry_650248.exe , 26.898971557617187500, 21.672515869140625000, 0.441925048828125000,  ,  1295, 1285, 12
entry_650248.exe , 26.950668334960937500, 21.756622314453125000, 0.437469482421875000,  ,  1282, 1271, 12
entry_650248.exe , 30.256713867187500000, 24.563720703125000000, 0.478118896484375000,  ,  1403, 1389, 12
entry_650248.exe , 27.002059936523437500, 21.768005371093750000, 0.440612792968750000,  ,  1293, 1281, 12
entry_650248.exe , 29.070831298828125000, 23.455413818359375000, 0.473449707031250000,  ,  1390, 1387, 4
entry_650248.exe , 28.944000244140625000, 23.225021362304687500, 0.481597900390625000,  ,  1413, 1400, 12
entry_650248.exe , 27.398193359375000000, 22.123764038085937500, 0.442382812500000000,  ,  1298, 1275, 24
entry_650248.exe , 27.119110107421875000, 21.906188964843750000, 0.438842773437500000,  ,  1289, 1269, 20
