entry_10363079 , 45.285491943359375000, 38.922943115234375000, 0.510025024414062500,  ,  1489, 2155, 495
entry_10363079 , 44.677566528320312500, 38.458511352539062500, 0.497238159179687500,  ,  1450, 2153, 460
entry_10363079 , 45.060791015625000000, 38.627578735351562500, 0.516403198242187500,  ,  1505, 2167, 456
entry_10363079 , 46.523803710937500000, 40.023773193359375000, 0.519393920898437500,  ,  1513, 2242, 461
entry_10363079 , 44.563995361328125000, 38.173187255859375000, 0.511352539062500000,  ,  1491, 2147, 460
entry_10363079 , 45.658950805664062500, 39.210601806640625000, 0.514541625976562500,  ,  1501, 2171, 485
entry_10363079 , 45.182006835937500000, 38.938568115234375000, 0.495758056640625000,  ,  1446, 2167, 444
entry_10363079 , 45.355682373046875000, 38.907043457031250000, 0.515213012695312500,  ,  1504, 2177, 457
entry_10363079 , 45.380310058593750000, 38.961471557617187500, 0.511734008789062500,  ,  1492, 2168, 474
entry_10363079 , 47.683593750000000000, 41.158584594726562500, 0.513809204101562500,  ,  1500, 2187, 480
entry_1041541 , 160.624328613281250000, 142.581268310546875000, 1.407470703125000000,  ,  4108, 9348, 700
entry_1041541 , 159.410079956054687500, 141.432586669921875000, 1.390594482421875000,  ,  4058, 9259, 675
entry_1041541 , 160.733734130859375000, 142.694686889648437500, 1.400177001953125000,  ,  4086, 9335, 626
entry_1041541 , 160.896057128906250000, 142.820129394531250000, 1.389160156250000000,  ,  4053, 9288, 688
entry_1041541 , 162.890136718750000000, 144.617401123046875000, 1.401077270507812500,  ,  4087, 9362, 706
entry_1041541 , 162.536743164062500000, 144.222457885742187500, 1.406555175781250000,  ,  4104, 9376, 694
entry_1041541 , 162.922866821289062500, 144.744964599609375000, 1.395263671875000000,  ,  4070, 9355, 680
entry_1041541 , 160.986862182617187500, 142.902496337890625000, 1.379943847656250000,  ,  4026, 9152, 681
entry_1041541 , 163.183792114257812500, 144.810836791992187500, 1.399841308593750000,  ,  4083, 9310, 666
entry_1041541 , 163.640441894531250000, 145.439682006835937500, 1.393356323242187500,  ,  4067, 9288, 693
entry_1209420 , 100.922760009765625000, 87.866378784179687500, 1.021316528320312500,  ,  2983, 5295, 438
entry_1209420 , 100.764984130859375000, 87.582366943359375000, 1.031311035156250000,  ,  3013, 5383, 420
entry_1209420 , 100.668151855468750000, 87.470916748046875000, 1.035018920898437500,  ,  3019, 5393, 418
entry_1209420 , 100.274032592773437500, 87.148620605468750000, 1.033294677734375000,  ,  3017, 5365, 438
entry_1209420 , 100.459075927734375000, 87.380355834960937500, 1.026733398437500000,  ,  2999, 5340, 404
entry_1209420 , 100.791259765625000000, 87.715850830078125000, 1.021423339843750000,  ,  2982, 5339, 409
entry_1209420 , 101.448638916015625000, 88.272674560546875000, 1.030410766601562500,  ,  3007, 5420, 390
entry_1209420 , 101.183517456054687500, 88.054641723632812500, 1.025299072265625000,  ,  2994, 5340, 441
entry_1209420 , 100.822601318359375000, 87.687698364257812500, 1.022811889648437500,  ,  2987, 5360, 420
entry_1209420 , 101.676452636718750000, 88.545333862304687500, 1.023895263671875000,  ,  2991, 5349, 429
entry_1540047 , 61.313796997070312500, 53.576873779296875000, 0.601074218750000000,  ,  1752, 3208, 301
entry_1540047 , 60.997467041015625000, 53.159530639648437500, 0.607299804687500000,  ,  1771, 3245, 309
entry_1540047 , 60.590850830078125000, 52.754745483398437500, 0.604614257812500000,  ,  1762, 3250, 306
entry_1540047 , 60.550613403320312500, 52.760574340820312500, 0.605331420898437500,  ,  1763, 3241, 301
entry_1540047 , 61.075759887695312500, 53.256896972656250000, 0.603683471679687500,  ,  1760, 3236, 310
entry_1540047 , 60.973327636718750000, 53.238922119140625000, 0.597778320312500000,  ,  1744, 3221, 310
entry_1540047 , 61.148315429687500000, 53.351196289062500000, 0.603942871093750000,  ,  1761, 3252, 317
entry_1540047 , 60.519302368164062500, 52.683700561523437500, 0.606765747070312500,  ,  1770, 3232, 324
entry_1540047 , 61.369674682617187500, 53.640548706054687500, 0.599182128906250000,  ,  1745, 3226, 305
entry_1540047 , 61.570297241210937500, 53.667694091796875000, 0.610107421875000000,  ,  1779, 3232, 330
entry_1931747 , 62.713470458984375000, 54.927612304687500000, 0.599456787109375000,  ,  1751, 3341, 321
entry_1931747 , 62.506195068359375000, 54.752273559570312500, 0.598678588867187500,  ,  1747, 3330, 326
entry_1931747 , 62.170898437500000000, 54.460784912109375000, 0.595138549804687500,  ,  1737, 3341, 319
entry_1931747 , 62.845581054687500000, 54.948730468750000000, 0.610992431640625000,  ,  1779, 3400, 318
entry_1931747 , 62.006759643554687500, 54.240249633789062500, 0.596435546875000000,  ,  1741, 3350, 292
entry_1931747 , 62.880798339843750000, 55.056777954101562500, 0.604812622070312500,  ,  1763, 3371, 319
entry_1931747 , 61.986709594726562500, 54.260589599609375000, 0.595901489257812500,  ,  1740, 3363, 302
entry_1931747 , 63.303375244140625000, 55.425231933593750000, 0.607666015625000000,  ,  1771, 3379, 302
entry_1931747 , 62.625991821289062500, 54.830947875976562500, 0.600357055664062500,  ,  1750, 3348, 307
entry_1931747 , 62.125320434570312500, 54.387420654296875000, 0.597259521484375000,  ,  1741, 3355, 305
entry_2143128 , 81.344284057617187500, 71.008514404296875000, 0.790313720703125000,  ,  2304, 4384, 410
entry_2143128 , 81.242065429687500000, 70.943618774414062500, 0.786941528320312500,  ,  2298, 4351, 431
entry_2143128 , 82.014572143554687500, 71.937866210937500000, 0.766418457031250000,  ,  2239, 4344, 386
entry_2143128 , 81.363723754882812500, 71.237548828125000000, 0.770095825195312500,  ,  2245, 4325, 415
entry_2143128 , 80.874298095703125000, 70.780975341796875000, 0.771179199218750000,  ,  2252, 4322, 406
entry_2143128 , 80.798324584960937500, 70.660064697265625000, 0.773727416992187500,  ,  2258, 4307, 416
entry_2143128 , 81.595367431640625000, 71.470230102539062500, 0.772689819335937500,  ,  2256, 4358, 407
entry_2143128 , 80.831649780273437500, 70.626037597656250000, 0.777175903320312500,  ,  2269, 4322, 409
entry_2143128 , 81.218017578125000000, 71.054992675781250000, 0.772888183593750000,  ,  2255, 4333, 406
entry_2143128 , 81.403640747070312500, 71.235305786132812500, 0.773513793945312500,  ,  2259, 4350, 389
entry_2525330 , 77.186172485351562500, 68.150863647460937500, 0.696746826171875000,  ,  2033, 4220, 281
entry_2525330 , 78.883682250976562500, 69.609954833984375000, 0.714508056640625000,  ,  2085, 4297, 287
entry_2525330 , 77.951141357421875000, 68.782867431640625000, 0.708953857421875000,  ,  2068, 4264, 312
entry_2525330 , 76.102584838867187500, 67.073974609375000000, 0.695999145507812500,  ,  2034, 4168, 297
entry_2525330 , 77.932968139648437500, 68.725189208984375000, 0.705673217773437500,  ,  2060, 4264, 279
entry_2525330 , 78.410736083984375000, 69.188125610351562500, 0.709625244140625000,  ,  2070, 4297, 282
entry_2525330 , 77.031463623046875000, 67.789138793945312500, 0.711700439453125000,  ,  2076, 4238, 308
entry_2525330 , 76.292724609375000000, 67.180343627929687500, 0.700286865234375000,  ,  2043, 4173, 297
entry_2525330 , 78.834136962890625000, 69.501739501953125000, 0.718765258789062500,  ,  2096, 4339, 294
entry_2525330 , 77.299804687500000000, 68.013290405273437500, 0.713104248046875000,  ,  2082, 4247, 310
entry_2617639 , 31.550888061523437500, 27.091018676757812500, 0.341705322265625000,  ,  996, 1516, 227
entry_2617639 , 31.304367065429687500, 26.789245605468750000, 0.346908569335937500,  ,  1011, 1508, 247
entry_2617639 , 31.481414794921875000, 26.937500000000000000, 0.349838256835937500,  ,  1020, 1528, 232
entry_2617639 , 31.277969360351562500, 26.883209228515625000, 0.337646484375000000,  ,  983, 1536, 226
entry_2617639 , 31.447280883789062500, 26.935913085937500000, 0.347885131835937500,  ,  1014, 1528, 229
entry_2617639 , 32.941726684570312500, 28.462387084960937500, 0.346099853515625000,  ,  1006, 1549, 211
entry_2617639 , 31.187515258789062500, 26.685821533203125000, 0.347640991210937500,  ,  1014, 1527, 234
entry_2617639 , 31.225250244140625000, 26.661636352539062500, 0.352081298828125000,  ,  1027, 1501, 266
entry_2617639 , 31.684494018554687500, 27.236297607421875000, 0.342544555664062500,  ,  997, 1511, 240
entry_2617639 , 31.339538574218750000, 26.884124755859375000, 0.343215942382812500,  ,  1002, 1527, 223
entry_311467 , 166.836532592773437500, 148.238235473632812500, 1.384765625000000000,  ,  4041, 9310, 629
entry_311467 , 165.583145141601562500, 147.056732177734375000, 1.369857788085937500,  ,  3996, 9133, 695
entry_311467 , 165.240020751953125000, 146.767913818359375000, 1.369415283203125000,  ,  3996, 9103, 709
entry_311467 , 167.067214965820312500, 148.352890014648437500, 1.387771606445312500,  ,  4049, 9301, 636
entry_311467 , 166.731552124023437500, 148.055633544921875000, 1.382400512695312500,  ,  4030, 9232, 655
entry_311467 , 166.854980468750000000, 148.228027343750000000, 1.378509521484375000,  ,  4024, 9206, 643
entry_311467 , 165.965362548828125000, 147.499023437500000000, 1.364212036132812500,  ,  3980, 9115, 663
entry_311467 , 167.651901245117187500, 148.990539550781250000, 1.372665405273437500,  ,  4005, 9197, 686
entry_311467 , 168.684539794921875000, 150.124160766601562500, 1.366394042968750000,  ,  3986, 9259, 690
entry_311467 , 168.457260131835937500, 149.635757446289062500, 1.386688232421875000,  ,  4045, 9284, 672
entry_3243860 , 62.796966552734375000, 54.922439575195312500, 0.593490600585937500,  ,  1729, 3218, 329
entry_3243860 , 61.822052001953125000, 54.036056518554687500, 0.586624145507812500,  ,  1711, 3186, 322
entry_3243860 , 62.569915771484375000, 54.677780151367187500, 0.596832275390625000,  ,  1739, 3239, 313
entry_3243860 , 62.617172241210937500, 54.893463134765625000, 0.586257934570312500,  ,  1711, 3212, 314
entry_3243860 , 62.149002075195312500, 54.369186401367187500, 0.588348388671875000,  ,  1715, 3230, 303
entry_3243860 , 62.483093261718750000, 54.789505004882812500, 0.580459594726562500,  ,  1693, 3228, 296
entry_3243860 , 62.278137207031250000, 54.528228759765625000, 0.584426879882812500,  ,  1703, 3210, 310
entry_3243860 , 62.658416748046875000, 54.804214477539062500, 0.596084594726562500,  ,  1739, 3238, 296
entry_3243860 , 61.960571289062500000, 54.020919799804687500, 0.602645874023437500,  ,  1758, 3248, 314
entry_3243860 , 61.560974121093750000, 53.832229614257812500, 0.585327148437500000,  ,  1706, 3190, 328
entry_3839039 , 63.599151611328125000, 55.617187500000000000, 0.601333618164062500,  ,  1754, 3322, 327
entry_3839039 , 63.985427856445312500, 55.899154663085937500, 0.611862182617187500,  ,  1783, 3343, 341
entry_3839039 , 64.759307861328125000, 56.734390258789062500, 0.606185913085937500,  ,  1768, 3355, 318
entry_3839039 , 64.182525634765625000, 56.034774780273437500, 0.615692138671875000,  ,  1795, 3362, 341
entry_3839039 , 63.519866943359375000, 55.694137573242187500, 0.590713500976562500,  ,  1721, 3316, 320
entry_3839039 , 63.976547241210937500, 56.001266479492187500, 0.603469848632812500,  ,  1760, 3374, 306
entry_3839039 , 64.311843872070312500, 56.325927734375000000, 0.601791381835937500,  ,  1754, 3337, 315
entry_3839039 , 63.333404541015625000, 55.372070312500000000, 0.601547241210937500,  ,  1752, 3326, 321
entry_3839039 , 63.408050537109375000, 55.543228149414062500, 0.595306396484375000,  ,  1737, 3296, 349
entry_3839039 , 64.497024536132812500, 56.506851196289062500, 0.603759765625000000,  ,  1760, 3329, 324
entry_4198044 , 65.113418579101562500, 56.910339355468750000, 0.617401123046875000,  ,  1801, 3382, 313
entry_4198044 , 64.117141723632812500, 56.114135742187500000, 0.604568481445312500,  ,  1763, 3336, 319
entry_4198044 , 64.136611938476562500, 56.005279541015625000, 0.614639282226562500,  ,  1793, 3359, 304
entry_4198044 , 63.842636108398437500, 55.693649291992187500, 0.615509033203125000,  ,  1794, 3343, 330
entry_4198044 , 63.902374267578125000, 55.808395385742187500, 0.612350463867187500,  ,  1787, 3337, 329
entry_4198044 , 64.840866088867187500, 56.626144409179687500, 0.619277954101562500,  ,  1806, 3362, 333
entry_4198044 , 63.803268432617187500, 55.821792602539062500, 0.602691650390625000,  ,  1759, 3303, 352
entry_4198044 , 64.407226562500000000, 56.361770629882812500, 0.607925415039062500,  ,  1774, 3354, 299
entry_4198044 , 64.055908203125000000, 55.900146484375000000, 0.614151000976562500,  ,  1791, 3358, 302
entry_4198044 , 63.817794799804687500, 55.829483032226562500, 0.601043701171875000,  ,  1752, 3338, 322
entry_4690127 , 165.102966308593750000, 146.726791381835937500, 1.352508544921875000,  ,  3945, 9047, 691
entry_4690127 , 167.280059814453125000, 148.807586669921875000, 1.348754882812500000,  ,  3933, 9158, 642
entry_4690127 , 166.470199584960937500, 147.887924194335937500, 1.358901977539062500,  ,  3964, 9048, 673
entry_4690127 , 166.590530395507812500, 148.089630126953125000, 1.354583740234375000,  ,  3951, 9070, 664
entry_4690127 , 167.599319458007812500, 149.209381103515625000, 1.344375610351562500,  ,  3922, 9077, 689
entry_4690127 , 168.532852172851562500, 149.807785034179687500, 1.366409301757812500,  ,  3989, 9137, 709
entry_4690127 , 167.427185058593750000, 148.999237060546875000, 1.347518920898437500,  ,  3934, 9039, 667
entry_4690127 , 166.271850585937500000, 147.551849365234375000, 1.362304687500000000,  ,  3974, 9046, 670
entry_4690127 , 169.191497802734375000, 150.390960693359375000, 1.369125366210937500,  ,  3996, 9230, 623
entry_4690127 , 170.901885986328125000, 152.017257690429687500, 1.370437622070312500,  ,  3999, 9202, 668
entry_501495 , 65.203460693359375000, 57.107940673828125000, 0.603820800781250000,  ,  1761, 3319, 320
entry_501495 , 64.748275756835937500, 56.635192871093750000, 0.605300903320312500,  ,  1765, 3343, 306
entry_501495 , 64.973007202148437500, 56.950103759765625000, 0.597976684570312500,  ,  1745, 3288, 332
entry_501495 , 65.102874755859375000, 56.933670043945312500, 0.608871459960937500,  ,  1776, 3344, 308
entry_501495 , 64.788757324218750000, 56.755294799804687500, 0.596633911132812500,  ,  1742, 3314, 303
entry_501495 , 64.786773681640625000, 56.720275878906250000, 0.603576660156250000,  ,  1760, 3328, 305
entry_501495 , 65.085296630859375000, 56.941207885742187500, 0.609680175781250000,  ,  1776, 3331, 346
entry_501495 , 64.565307617187500000, 56.549026489257812500, 0.600234985351562500,  ,  1751, 3313, 334
entry_501495 , 64.684585571289062500, 56.698944091796875000, 0.596466064453125000,  ,  1740, 3314, 314
entry_501495 , 64.675231933593750000, 56.544494628906250000, 0.609558105468750000,  ,  1779, 3355, 311
entry_5781302 , 167.866561889648437500, 149.225021362304687500, 1.358459472656250000,  ,  3964, 9056, 700
entry_5781302 , 167.515075683593750000, 148.884399414062500000, 1.353408813476562500,  ,  3950, 9051, 642
entry_5781302 , 169.741027832031250000, 151.080703735351562500, 1.359695434570312500,  ,  3965, 9164, 647
entry_5781302 , 170.811523437500000000, 152.072265625000000000, 1.365432739257812500,  ,  3983, 9176, 675
entry_5781302 , 171.753051757812500000, 152.990325927734375000, 1.361038208007812500,  ,  3969, 9260, 653
entry_5781302 , 170.248428344726562500, 151.467758178710937500, 1.364059448242187500,  ,  3981, 9107, 703
entry_5781302 , 169.168807983398437500, 150.587127685546875000, 1.344757080078125000,  ,  3923, 9068, 693
entry_5781302 , 169.133071899414062500, 150.396774291992187500, 1.353469848632812500,  ,  3948, 9127, 622
entry_5781302 , 170.529449462890625000, 151.781417846679687500, 1.366333007812500000,  ,  3985, 9137, 649
entry_5781302 , 170.777069091796875000, 152.024871826171875000, 1.356063842773437500,  ,  3955, 9104, 666
entry_597274 , 172.076293945312500000, 153.179763793945312500, 1.360778808593750000,  ,  3972, 9214, 662
entry_597274 , 170.066436767578125000, 151.251235961914062500, 1.362640380859375000,  ,  3975, 9093, 703
entry_597274 , 171.044342041015625000, 152.199142456054687500, 1.357742309570312500,  ,  3961, 9164, 675
entry_597274 , 169.615783691406250000, 150.879699707031250000, 1.354171752929687500,  ,  3950, 9086, 682
entry_597274 , 171.475296020507812500, 152.640167236328125000, 1.363677978515625000,  ,  3981, 9134, 651
entry_597274 , 171.707977294921875000, 152.821945190429687500, 1.364212036132812500,  ,  3978, 9159, 647
entry_597274 , 171.286117553710937500, 152.588882446289062500, 1.357299804687500000,  ,  3960, 9106, 633
entry_597274 , 170.797210693359375000, 151.970428466796875000, 1.356643676757812500,  ,  3959, 9065, 681
entry_597274 , 171.431137084960937500, 152.438919067382812500, 1.369216918945312500,  ,  3994, 9188, 617
entry_597274 , 171.328155517578125000, 152.375350952148437500, 1.369247436523437500,  ,  3995, 9109, 675
entry_604159 , 59.981018066406250000, 52.538925170898437500, 0.556259155273437500,  ,  1622, 2987, 277
entry_604159 , 59.875030517578125000, 52.375823974609375000, 0.562316894531250000,  ,  1639, 2966, 311
entry_604159 , 59.468750000000000000, 52.042327880859375000, 0.557067871093750000,  ,  1625, 2964, 291
entry_604159 , 59.820281982421875000, 52.269897460937500000, 0.565017700195312500,  ,  1647, 2987, 295
entry_604159 , 59.616577148437500000, 52.097640991210937500, 0.565338134765625000,  ,  1646, 2972, 310
entry_604159 , 59.649154663085937500, 52.197555541992187500, 0.558609008789062500,  ,  1629, 2977, 281
entry_604159 , 59.153762817382812500, 51.731399536132812500, 0.554687500000000000,  ,  1617, 2960, 293
entry_604159 , 59.179870605468750000, 51.551208496093750000, 0.570175170898437500,  ,  1664, 2989, 305
entry_604159 , 59.608047485351562500, 52.250976562500000000, 0.550643920898437500,  ,  1604, 2955, 298
entry_604159 , 59.283508300781250000, 51.876251220703125000, 0.553405761718750000,  ,  1613, 2948, 301
entry_6044464 , 68.994506835937500000, 60.308868408203125000, 0.643402099609375000,  ,  1875, 3565, 321
entry_6044464 , 69.183380126953125000, 60.634002685546875000, 0.629898071289062500,  ,  1835, 3485, 340
entry_6044464 , 69.564132690429687500, 60.965667724609375000, 0.634628295898437500,  ,  1851, 3534, 337
entry_6044464 , 68.465866088867187500, 59.863891601562500000, 0.634780883789062500,  ,  1849, 3510, 332
entry_6044464 , 69.277877807617187500, 60.743576049804687500, 0.628463745117187500,  ,  1833, 3537, 304
entry_6044464 , 68.359970092773437500, 59.857238769531250000, 0.627288818359375000,  ,  1830, 3491, 341
entry_6044464 , 68.886810302734375000, 60.255737304687500000, 0.638442993164062500,  ,  1861, 3525, 313
entry_6044464 , 68.356658935546875000, 59.790588378906250000, 0.630676269531250000,  ,  1837, 3507, 314
entry_6044464 , 68.300704956054687500, 59.770126342773437500, 0.630813598632812500,  ,  1839, 3499, 329
entry_6044464 , 68.272003173828125000, 59.817825317382812500, 0.622817993164062500,  ,  1815, 3528, 316
entry_6718434 , 64.804672241210937500, 56.779281616210937500, 0.596923828125000000,  ,  1738, 3254, 304
entry_6718434 , 64.346282958984375000, 56.347061157226562500, 0.592132568359375000,  ,  1727, 3230, 314
entry_6718434 , 64.355743408203125000, 56.185531616210937500, 0.605941772460937500,  ,  1766, 3239, 327
entry_6718434 , 64.244628906250000000, 56.055709838867187500, 0.608123779296875000,  ,  1771, 3265, 314
entry_6718434 , 64.313201904296875000, 56.139144897460937500, 0.606262207031250000,  ,  1766, 3249, 337
entry_6718434 , 63.499282836914062500, 55.473892211914062500, 0.592773437500000000,  ,  1726, 3227, 329
entry_6718434 , 64.510864257812500000, 56.362152099609375000, 0.606750488281250000,  ,  1769, 3283, 312
entry_6718434 , 63.325851440429687500, 55.218231201171875000, 0.603164672851562500,  ,  1756, 3235, 325
entry_6718434 , 64.579040527343750000, 56.531494140625000000, 0.599456787109375000,  ,  1747, 3280, 306
entry_6718434 , 63.477020263671875000, 55.453430175781250000, 0.597640991210937500,  ,  1741, 3233, 310
entry_733072 , 156.649276733398437500, 139.552947998046875000, 1.242446899414062500,  ,  3625, 8352, 597
entry_733072 , 159.625579833984375000, 142.186874389648437500, 1.257675170898437500,  ,  3668, 8517, 559
entry_733072 , 161.662155151367187500, 144.003097534179687500, 1.278762817382812500,  ,  3732, 8598, 584
entry_733072 , 159.810409545898437500, 142.377471923828125000, 1.264053344726562500,  ,  3688, 8459, 603
entry_733072 , 158.685134887695312500, 141.309127807617187500, 1.249557495117187500,  ,  3645, 8362, 604
entry_733072 , 160.313842773437500000, 143.042297363281250000, 1.248825073242187500,  ,  3645, 8469, 603
entry_733072 , 162.416366577148437500, 144.735229492187500000, 1.274017333984375000,  ,  3719, 8587, 589
entry_733072 , 160.522079467773437500, 143.004653930664062500, 1.257919311523437500,  ,  3670, 8488, 608
entry_733072 , 161.973464965820312500, 144.578933715820312500, 1.259414672851562500,  ,  3675, 8594, 565
entry_733072 , 162.787078857421875000, 145.228591918945312500, 1.258087158203125000,  ,  3671, 8559, 582
entry_7486938 , 173.215087890625000000, 154.384155273437500000, 1.349227905273437500,  ,  3938, 9116, 634
entry_7486938 , 170.574905395507812500, 151.714401245117187500, 1.349517822265625000,  ,  3937, 8997, 675
entry_7486938 , 170.214218139648437500, 151.322845458984375000, 1.352401733398437500,  ,  3950, 8998, 633
entry_7486938 , 173.295898437500000000, 154.147171020507812500, 1.364654541015625000,  ,  3981, 9144, 654
entry_7486938 , 172.990005493164062500, 154.006988525390625000, 1.361968994140625000,  ,  3973, 9159, 626
entry_7486938 , 171.471817016601562500, 152.552764892578125000, 1.351348876953125000,  ,  3943, 8980, 655
entry_7486938 , 172.934051513671875000, 153.995849609375000000, 1.355606079101562500,  ,  3953, 9087, 663
entry_7486938 , 172.479171752929687500, 153.505676269531250000, 1.353759765625000000,  ,  3951, 9065, 682
entry_7486938 , 170.914398193359375000, 151.901641845703125000, 1.359695434570312500,  ,  3967, 9004, 665
entry_7486938 , 171.232284545898437500, 152.330627441406250000, 1.353759765625000000,  ,  3950, 8925, 703
entry_7605417 , 162.634658813476562500, 145.093612670898437500, 1.263137817382812500,  ,  3684, 8498, 611
entry_7605417 , 163.230972290039062500, 145.649459838867187500, 1.264724731445312500,  ,  3689, 8582, 560
entry_7605417 , 165.322937011718750000, 147.352355957031250000, 1.289749145507812500,  ,  3764, 8626, 609
entry_7605417 , 161.948684692382812500, 144.415145874023437500, 1.263076782226562500,  ,  3687, 8496, 589
entry_7605417 , 162.237930297851562500, 144.722091674804687500, 1.261398315429687500,  ,  3681, 8515, 576
entry_7605417 , 161.540161132812500000, 144.194259643554687500, 1.247833251953125000,  ,  3642, 8440, 589
entry_7605417 , 162.143630981445312500, 144.634719848632812500, 1.259353637695312500,  ,  3674, 8456, 629
entry_7605417 , 161.657623291015625000, 144.177871704101562500, 1.249450683593750000,  ,  3645, 8482, 577
entry_7605417 , 162.605087280273437500, 144.918441772460937500, 1.267257690429687500,  ,  3695, 8517, 599
entry_7605417 , 162.595947265625000000, 144.928955078125000000, 1.266860961914062500,  ,  3695, 8569, 559
entry_7719960 , 65.528198242187500000, 57.357192993164062500, 0.600463867187500000,  ,  1752, 3245, 311
entry_7719960 , 64.951995849609375000, 56.735565185546875000, 0.605468750000000000,  ,  1766, 3245, 321
entry_7719960 , 64.688171386718750000, 56.489227294921875000, 0.602920532226562500,  ,  1760, 3232, 326
entry_7719960 , 64.633087158203125000, 56.568832397460937500, 0.593872070312500000,  ,  1731, 3247, 309
entry_7719960 , 64.715438842773437500, 56.577285766601562500, 0.599319458007812500,  ,  1748, 3258, 307
entry_7719960 , 64.927459716796875000, 56.815139770507812500, 0.597427368164062500,  ,  1741, 3259, 304
entry_7719960 , 64.831390380859375000, 56.665451049804687500, 0.601989746093750000,  ,  1754, 3262, 310
entry_7719960 , 65.087905883789062500, 57.050201416015625000, 0.593429565429687500,  ,  1730, 3261, 289
entry_7719960 , 64.958297729492187500, 57.012802124023437500, 0.586822509765625000,  ,  1711, 3238, 316
entry_7719960 , 64.590881347656250000, 56.587799072265625000, 0.590972900390625000,  ,  1722, 3230, 320
entry_7958848 , 66.643524169921875000, 58.441650390625000000, 0.604766845703125000,  ,  1763, 3361, 293
entry_7958848 , 66.241027832031250000, 58.007415771484375000, 0.607971191406250000,  ,  1775, 3363, 303
entry_7958848 , 66.490264892578125000, 58.009460449218750000, 0.628173828125000000,  ,  1831, 3374, 352
entry_7958848 , 66.552810668945312500, 58.403442382812500000, 0.603393554687500000,  ,  1758, 3383, 280
entry_7958848 , 66.402679443359375000, 58.103698730468750000, 0.614562988281250000,  ,  1792, 3322, 350
entry_7958848 , 65.928817749023437500, 57.610656738281250000, 0.615249633789062500,  ,  1791, 3335, 324
entry_7958848 , 66.450775146484375000, 58.183578491210937500, 0.614807128906250000,  ,  1792, 3356, 326
entry_7958848 , 66.132690429687500000, 57.854736328125000000, 0.616210937500000000,  ,  1796, 3322, 334
entry_7958848 , 66.391448974609375000, 57.867370605468750000, 0.630996704101562500,  ,  1841, 3362, 369
entry_7958848 , 67.153884887695312500, 58.772506713867187500, 0.623153686523437500,  ,  1816, 3396, 333
entry_8014395 , 70.940917968750000000, 62.262176513671875000, 0.648162841796875000,  ,  1889, 3707, 317
entry_8014395 , 71.290176391601562500, 62.785430908203125000, 0.634475708007812500,  ,  1849, 3665, 309
entry_8014395 , 70.686248779296875000, 62.117431640625000000, 0.638656616210937500,  ,  1861, 3699, 299
entry_8014395 , 71.185714721679687500, 62.611328125000000000, 0.640472412109375000,  ,  1865, 3729, 284
entry_8014395 , 71.456909179687500000, 62.943161010742187500, 0.629852294921875000,  ,  1837, 3711, 285
entry_8014395 , 72.118881225585937500, 63.658477783203125000, 0.627151489257812500,  ,  1828, 3726, 293
entry_8014395 , 72.262557983398437500, 63.667205810546875000, 0.637039184570312500,  ,  1858, 3725, 296
entry_8014395 , 71.798248291015625000, 63.124679565429687500, 0.642990112304687500,  ,  1874, 3709, 324
entry_8014395 , 72.080841064453125000, 63.456558227539062500, 0.641433715820312500,  ,  1871, 3717, 316
entry_8014395 , 72.525619506835937500, 63.873718261718750000, 0.640548706054687500,  ,  1867, 3734, 306
entry_8038003 , 64.477600097656250000, 56.614212036132812500, 0.578689575195312500,  ,  1688, 3178, 342
entry_8038003 , 63.992645263671875000, 55.878463745117187500, 0.599746704101562500,  ,  1747, 3243, 319
entry_8038003 , 64.337905883789062500, 56.304519653320312500, 0.593643188476562500,  ,  1732, 3235, 334
entry_8038003 , 64.206192016601562500, 56.254470825195312500, 0.588729858398437500,  ,  1716, 3217, 326
entry_8038003 , 64.626815795898437500, 56.594131469726562500, 0.598175048828125000,  ,  1743, 3224, 316
entry_8038003 , 63.655487060546875000, 55.531188964843750000, 0.601654052734375000,  ,  1753, 3241, 329
entry_8038003 , 63.833816528320312500, 55.902999877929687500, 0.586929321289062500,  ,  1709, 3251, 301
entry_8038003 , 63.664154052734375000, 55.653656005859375000, 0.592956542968750000,  ,  1728, 3235, 311
entry_8038003 , 63.731643676757812500, 55.824523925781250000, 0.584091186523437500,  ,  1701, 3211, 335
entry_8038003 , 64.228210449218750000, 56.206985473632812500, 0.595687866210937500,  ,  1735, 3243, 320
entry_8566558 , 161.976760864257812500, 144.568618774414062500, 1.263977050781250000,  ,  3686, 8566, 605
entry_8566558 , 161.628952026367187500, 144.072677612304687500, 1.264328002929687500,  ,  3690, 8527, 600
entry_8566558 , 159.794479370117187500, 142.378570556640625000, 1.253768920898437500,  ,  3660, 8445, 573
entry_8566558 , 160.139312744140625000, 142.834640502929687500, 1.249938964843750000,  ,  3647, 8459, 587
entry_8566558 , 160.595962524414062500, 142.961715698242187500, 1.272171020507812500,  ,  3711, 8533, 561
entry_8566558 , 161.830429077148437500, 144.245391845703125000, 1.261810302734375000,  ,  3681, 8550, 578
entry_8566558 , 161.951019287109375000, 144.267486572265625000, 1.265060424804687500,  ,  3693, 8614, 557
entry_8566558 , 161.758438110351562500, 144.270538330078125000, 1.261459350585937500,  ,  3680, 8484, 604
entry_8566558 , 161.342437744140625000, 143.913558959960937500, 1.251083374023437500,  ,  3650, 8458, 597
entry_8566558 , 160.471511840820312500, 143.039947509765625000, 1.253524780273437500,  ,  3656, 8421, 620
entry_9008729 , 71.995773315429687500, 63.179794311523437500, 0.654541015625000000,  ,  1908, 3495, 362
entry_9008729 , 72.964355468750000000, 64.216934204101562500, 0.648925781250000000,  ,  1894, 3553, 347
entry_9008729 , 72.011550903320312500, 63.230682373046875000, 0.651458740234375000,  ,  1900, 3517, 347
entry_9008729 , 71.979095458984375000, 63.246551513671875000, 0.652404785156250000,  ,  1901, 3502, 350
entry_9008729 , 71.480575561523437500, 62.805374145507812500, 0.648361206054687500,  ,  1890, 3510, 355
entry_9008729 , 71.954132080078125000, 63.131927490234375000, 0.660308837890625000,  ,  1927, 3532, 358
entry_9008729 , 72.169326782226562500, 63.321136474609375000, 0.658279418945312500,  ,  1920, 3542, 344
entry_9008729 , 72.820968627929687500, 64.136535644531250000, 0.651672363281250000,  ,  1901, 3588, 346
entry_9008729 , 72.127304077148437500, 63.320846557617187500, 0.659088134765625000,  ,  1922, 3548, 342
entry_9008729 , 72.769104003906250000, 64.012817382812500000, 0.655532836914062500,  ,  1913, 3585, 339
entry_9365129 , 65.947052001953125000, 57.599502563476562500, 0.615020751953125000,  ,  1795, 3309, 295
entry_9365129 , 67.011398315429687500, 58.581283569335937500, 0.620071411132812500,  ,  1809, 3352, 313
entry_9365129 , 65.837066650390625000, 57.499588012695312500, 0.614715576171875000,  ,  1793, 3318, 302
entry_9365129 , 65.439590454101562500, 57.197784423828125000, 0.606887817382812500,  ,  1771, 3289, 314
entry_9365129 , 65.830596923828125000, 57.533325195312500000, 0.615280151367187500,  ,  1793, 3303, 323
entry_9365129 , 66.012344360351562500, 57.764770507812500000, 0.609878540039062500,  ,  1778, 3293, 313
entry_9365129 , 66.472320556640625000, 58.109283447265625000, 0.619384765625000000,  ,  1804, 3301, 326
entry_9365129 , 65.891281127929687500, 57.522583007812500000, 0.619781494140625000,  ,  1807, 3271, 339
entry_9365129 , 66.089965820312500000, 57.779907226562500000, 0.616058349609375000,  ,  1796, 3282, 357
entry_9365129 , 65.502029418945312500, 57.290802001953125000, 0.606414794921875000,  ,  1768, 3290, 316
entry_936844 , 33.318389892578125000, 28.665313720703125000, 0.346115112304687500,  ,  1009, 1513, 231
entry_936844 , 33.098007202148437500, 28.381225585937500000, 0.351226806640625000,  ,  1022, 1531, 236
entry_936844 , 32.774429321289062500, 28.052307128906250000, 0.352249145507812500,  ,  1025, 1530, 231
entry_936844 , 32.854202270507812500, 28.204498291015625000, 0.348602294921875000,  ,  1013, 1509, 243
entry_936844 , 32.569854736328125000, 27.948562622070312500, 0.344284057617187500,  ,  1002, 1511, 244
entry_936844 , 33.355102539062500000, 28.696319580078125000, 0.346740722656250000,  ,  1010, 1552, 215
entry_936844 , 32.779052734375000000, 28.196502685546875000, 0.342620849609375000,  ,  999, 1525, 226
entry_936844 , 32.549667358398437500, 27.977813720703125000, 0.341476440429687500,  ,  994, 1521, 228
entry_936844 , 32.595520019531250000, 27.979507446289062500, 0.345169067382812500,  ,  1005, 1543, 211
entry_936844 , 32.831512451171875000, 28.273544311523437500, 0.340591430664062500,  ,  992, 1503, 236
